Datetime,Water Level (m)
2026-09-24 18:00:00,0.74175715
2026-09-24 19:00:00,0.3668985
2026-09-24 20:00:00,0.05456021
2026-09-24 21:00:00,-0.20105089
2026-09-24 22:00:00,-0.37345716
2026-09-24 23:00:00,-0.35069004
2026-09-25 00:00:00,0.105338305
2026-09-25 01:00:00,0.7423513
2026-09-25 02:00:00,1.256917
2026-09-25 03:00:00,1.5927696
2026-09-25 04:00:00,1.6658659
2026-09-25 05:00:00,1.3907224
2026-09-25 06:00:00,0.9348386
2026-09-25 07:00:00,0.5384417
2026-09-25 08:00:00,0.16261229
2026-09-25 09:00:00,-0.12718943
2026-09-25 10:00:00,-0.34583223
2026-09-25 11:00:00,-0.43452704
2026-09-25 12:00:00,-0.115970336
2026-09-25 13:00:00,0.48992085
2026-09-25 14:00:00,1.034783
2026-09-25 15:00:00,1.4342136
2026-09-25 16:00:00,1.6230552
2026-09-25 17:00:00,1.4940006
2026-09-25 18:00:00,1.0757438
2026-09-25 19:00:00,0.6199072
2026-09-25 20:00:00,0.22885437
2026-09-25 21:00:00,-0.08491809
2026-09-25 22:00:00,-0.33409998
2026-09-25 23:00:00,-0.4802517
2026-09-26 00:00:00,-0.25788
2026-09-26 01:00:00,0.35129622
2026-09-26 02:00:00,0.95420784
2026-09-26 03:00:00,1.402864
2026-09-26 04:00:00,1.6468748
2026-09-26 05:00:00,1.5684532
2026-09-26 06:00:00,1.1567649
2026-09-26 07:00:00,0.6797743
2026-09-26 08:00:00,0.25504404
2026-09-26 09:00:00,-0.08786578
2026-09-26 10:00:00,-0.3726861
2026-09-26 11:00:00,-0.589092
2026-09-26 12:00:00,-0.5982713
2026-09-26 13:00:00,-0.0034735866
2026-09-26 14:00:00,0.6652431
2026-09-26 15:00:00,1.218225
2026-09-26 16:00:00,1.5784429
2026-09-26 17:00:00,1.6328584
2026-09-26 18:00:00,1.3007545
2026-09-26 19:00:00,0.80033314
2026-09-26 20:00:00,0.3374785
2026-09-26 21:00:00,-0.025267059
2026-09-26 22:00:00,-0.32832968
2026-09-26 23:00:00,-0.5720162
2026-09-27 00:00:00,-0.631052
2026-09-27 01:00:00,-0.19431664
2026-09-27 02:00:00,0.46650285
2026-09-27 03:00:00,1.0609293
2026-09-27 04:00:00,1.46686
2026-09-27 05:00:00,1.6123953
2026-09-27 06:00:00,1.3589739
2026-09-27 07:00:00,0.86179286
2026-09-27 08:00:00,0.38436434
2026-09-27 09:00:00,-0.005223802
2026-09-27 10:00:00,-0.3298452
2026-09-27 11:00:00,-0.61320966
2026-09-27 12:00:00,-0.7330496
2026-09-27 13:00:00,-0.43417448
2026-09-27 14:00:00,0.24148692
2026-09-27 15:00:00,0.9185952
2026-09-27 16:00:00,1.399479
2026-09-27 17:00:00,1.6813731
2026-09-27 18:00:00,1.5980492
2026-09-27 19:00:00,1.1491748
2026-09-27 20:00:00,0.63115287
2026-09-27 21:00:00,0.18395421
2026-09-27 22:00:00,-0.1553161
2026-09-27 23:00:00,-0.44548067
2026-09-28 00:00:00,-0.6525824
2026-09-28 01:00:00,-0.5795283
2026-09-28 02:00:00,0.07586057
2026-09-28 03:00:00,0.7450345
2026-09-28 04:00:00,1.2500377
2026-09-28 05:00:00,1.5570055
2026-09-28 06:00:00,1.5302345
2026-09-28 07:00:00,1.1167222
2026-09-28 08:00:00,0.6088853
2026-09-28 09:00:00,0.17523727
2026-09-28 10:00:00,-0.1642407
2026-09-28 11:00:00,-0.47102383
2026-09-28 12:00:00,-0.689861
2026-09-28 13:00:00,-0.75444716
2026-09-28 14:00:00,-0.1947733
2026-09-28 15:00:00,0.5326058
2026-09-28 16:00:00,1.1331086
2026-09-28 17:00:00,1.5431122
2026-09-28 18:00:00,1.6914029
2026-09-28 19:00:00,1.414859
2026-09-28 20:00:00,0.90261245
2026-09-28 21:00:00,0.42435277
2026-09-28 22:00:00,0.03314752
2026-09-28 23:00:00,-0.2869262
2026-09-29 00:00:00,-0.54676044
2026-09-29 01:00:00,-0.6801666
2026-09-29 02:00:00,-0.33826363
2026-09-29 03:00:00,0.31422848
2026-09-29 04:00:00,0.9125134
2026-09-29 05:00:00,1.332534
2026-09-29 06:00:00,1.5065113
2026-09-29 07:00:00,1.31441
2026-09-29 08:00:00,0.8351803
2026-09-29 09:00:00,0.36223394
2026-09-29 10:00:00,-0.01368952
2026-09-29 11:00:00,-0.33363616
2026-09-29 12:00:00,-0.6167741
2026-09-29 13:00:00,-0.75238013
2026-09-29 14:00:00,-0.5564498
2026-09-29 15:00:00,0.10931061
2026-09-29 16:00:00,0.8043301
2026-09-29 17:00:00,1.2727752
2026-09-29 18:00:00,1.6075151
2026-09-29 19:00:00,1.6101032
2026-09-29 20:00:00,1.2154903
2026-09-29 21:00:00,0.716617
2026-09-29 22:00:00,0.27255395
2026-09-29 23:00:00,-0.069690816
2026-09-30 00:00:00,-0.34940988
2026-09-30 01:00:00,-0.5695371
2026-09-30 02:00:00,-0.5763529
2026-09-30 03:00:00,-0.03376201
2026-09-30 04:00:00,0.55108595
2026-09-30 05:00:00,1.0292325
2026-09-30 06:00:00,1.3404983
2026-09-30 07:00:00,1.3828409
2026-09-30 08:00:00,1.0666946
2026-09-30 09:00:00,0.59033525
2026-09-30 10:00:00,0.1794365
2026-09-30 11:00:00,-0.15130325
2026-09-30 12:00:00,-0.44081903
2026-09-30 13:00:00,-0.6606445
2026-09-30 14:00:00,-0.725102
2026-09-30 15:00:00,-0.27631238
2026-09-30 16:00:00,0.37956643
2026-09-30 17:00:00,0.9633096
2026-09-30 18:00:00,1.3518364
